uuid,Country,ItemType,SalesChannel,OrderPriority,OrderDate,Region,ShipDate,UnitsSold,UnitPrice,UnitCost,TotalRevenue,TotalCost,TotalProfit
747185434,Kenya,Beverages,Offline,L,03/24/2016,Asia,04/05/2016,5620,213.47,164.84,1199701.4,926400.8,273300.6
102244758,Canada,Beverages,Online,H,08/09/2014,Central America and the Caribbean,08/27/2014,5002,453.93,379.07,2270557.86,1896108.14,374449.72
954737727,India,Electronics,Online,L,07/17/2016,Australia and Oceania,07/22/2016,2051,318.76,166.48,653776.76,341450.48,312326.28
126139399,Germany,Office Supplies,Online,H,08/22/2014,Central America and the Caribbean,09/10/2014,5373,55.75,28.42,299544.75,152700.66,146844.09
167232823,Norway,Meat,Online,M,10/14/2016,Sub-Saharan Africa,10/21/2016,8358,196.49,127.38,1642263.42,1064642.04,577621.38
592303153,Canada,Vegetables,Online,C,08/08/2014,Sub-Saharan Africa,09/01/2014,6998,185.32,132.55,1296869.36,927584.9,369284.46
859485172,Germany,Meat,Online,M,08/17/2014,Europe,08/24/2014,6835,273.63,221.87,1870261.05,1516481.45,353779.6
887161711,Japan,Beverages,Online,M,08/14/2016,North America,08/18/2016,4628,317.46,159.79,1469204.88,739508.12,729696.76
254947001,Thailand,Office Supplies,Offline,H,08/30/2014,North America,09/04/2014,1060,146.79,104.9,155597.4,111194.0,44403.4
856964251,Canada,Cosmetics,Online,L,11/21/2015,Asia,11/24/2015,2232,13.46,11.9,30042.72,26560.8,3481.92
184546093,India,Fruits,Online,C,07/01/2015,Middle East and North Africa,07/17/2015,8748,432.11,337.06,3780098.28,2948600.88,831497.4
101506405,Kenya,Clothes,Online,M,06/01/2016,North America,06/30/2016,6463,97.81,67.44,632146.03,435864.72,196281.31
866373468,Kenya,Cosmetics,Offline,C,06/17/2016,Sub-Saharan Africa,06/20/2016,4655,37.48,29.9,174469.4,139184.5,35284.9
937996344,Germany,Cereal,Offline,L,07/24/2016,Central America and the Caribbean,08/14/2016,9435,334.06,289.79,3151856.1,2734168.65,417687.45
421331832,Mexico,Clothes,Online,M,01/05/2016,Middle East and North Africa,01/07/2016,3305,62.77,48.24,207454.85,159433.2,48021.65
809023926,India,Fruits,Offline,L,03/02/2015,Central America and the Caribbean,03/24/2015,8630,340.79,217.16,2941017.7,1874090.8,1066926.9
699749597,Kenya,Vegetables,Offline,M,12/08/2014,Sub-Saharan Africa,01/05/2015,1537,151.94,95.86,233531.78,147336.82,86194.96
933638045,Brazil,Clothes,Online,M,12/12/2016,Sub-Saharan Africa,01/01/2017,8275,325.46,170.93,2693181.5,1414445.75,1278735.75
975396007,Germany,Beverages,Online,M,04/22/2016,Central America and the Caribbean,05/09/2016,532,281.2,210.87,149598.4,112182.84,37415.56
928327514,Norway,Meat,Online,L,03/27/2014,Asia,04/19/2014,8098,320.13,224.07,2592412.74,1814518.86,777893.88
330651382,Kenya,Cosmetics,Offline,H,11/03/2014,Australia and Oceania,11/12/2014,4006,117.18,97.93,469423.08,392307.58,77115.5
567680615,Qatar,Meat,Online,M,11/10/2014,Central America and the Caribbean,11/21/2014,197,291.05,196.96,57336.85,38801.12,18535.73
987129527,Germany,Clothes,Online,L,11/07/2014,Middle East and North Africa,11/09/2014,1177,190.23,96.55,223900.71,113639.35,110261.36
810907513,Thailand,Snacks,Offline,H,12/18/2014,Australia and Oceania,12/28/2014,728,418.11,331.97,304384.08,241674.16,62709.92
239359915,Germany,Cosmetics,Offline,H,09/30/2016,Sub-Saharan Africa,10/11/2016,3712,312.19,251.42,1158849.28,933271.04,225578.24
657052730,India,Office Supplies,Online,M,11/25/2014,Sub-Saharan Africa,12/18/2014,896,137.38,107.56,123092.48,96373.76,26718.72
379666603,Japan,Office Supplies,Offline,H,11/15/2015,Europe,11/28/2015,2885,376.29,197.9,1085596.65,570941.5,514655.15
821995156,India,Snacks,Online,C,10/26/2016,Asia,11/13/2016,729,369.25,261.45,269183.25,190597.05,78586.2
207079402,Canada,Cereal,Offline,L,04/18/2014,Central America and the Caribbean,05/12/2014,806,376.73,324.37,303644.38,261442.22,42202.16
266047290,Norway,Office Supplies,Online,H,04/08/2014,Middle East and North Africa,04/16/2014,327,124.74,88.06,40789.98,28795.62,11994.36
691854897,Thailand,Beverages,Online,L,10/19/2014,Sub-Saharan Africa,11/17/2014,7928,379.93,242.91,3012085.04,1925790.48,1086294.56
505645499,Thailand,Electronics,Offline,M,09/04/2014,Middle East and North Africa,09/22/2014,9328,391.89,334.15,3655549.92,3116951.2,538598.72
391709524,Mexico,Clothes,Online,L,03/31/2015,Australia and Oceania,04/06/2015,5954,267.28,142.62,1591385.12,849159.48,742225.64
956962081,Kenya,Clothes,Online,M,02/23/2014,Europe,02/27/2014,7981,165.08,116.9,1317503.48,932978.9,384524.58
617965851,Japan,Fruits,Online,M,01/04/2014,Australia and Oceania,01/26/2014,5877,459.46,316.83,2700246.42,1862009.91,838236.51
131271522,India,Fruits,Offline,M,02/11/2016,Asia,03/08/2016,2564,128.88,92.47,330448.32,237093.08,93355.24
520320269,Thailand,Cosmetics,Offline,M,09/25/2015,Asia,10/12/2015,1418,216.69,176.28,307266.42,249965.04,57301.38
694574530,Thailand,Cereal,Offline,H,04/15/2014,Europe,04/26/2014,3713,474.21,310.02,1760741.73,1151104.26,609637.47
649652181,India,Cereal,Online,C,06/28/2015,Central America and the Caribbean,07/16/2015,9986,272.39,229.27,2720086.54,2289490.22,430596.32
305418296,India,Beverages,Offline,H,09/29/2015,Asia,10/08/2015,5749,78.2,65.4,449571.8,375984.6,73587.2
664414041,Germany,Cosmetics,Offline,M,03/25/2014,Asia,03/27/2014,144,203.52,155.41,29306.88,22379.04,6927.84
251482222,Norway,Cosmetics,Offline,H,09/22/2015,Asia,10/22/2015,7610,254.28,180.66,1935070.8,1374822.6,560248.2
143342252,Kenya,Beverages,Online,L,12/11/2016,Asia,01/04/2017,3096,68.16,43.52,211023.36,134737.92,76285.44
702037746,Thailand,Cosmetics,Offline,M,07/12/2015,Central America and the Caribbean,07/17/2015,4741,194.71,157.96,923120.11,748888.36,174231.75
355784161,Mexico,Clothes,Offline,M,06/07/2016,Central America and the Caribbean,06/08/2016,1339,455.95,391.52,610517.05,524245.28,86271.77
661826939,Germany,Meat,Online,M,05/19/2014,North America,06/13/2014,6970,21.35,16.26,148809.5,113332.2,35477.3
961523671,Canada,Fruits,Offline,C,04/03/2016,North America,04/23/2016,1800,368.17,248.67,662706.0,447606.0,215100.0
509576201,Canada,Cosmetics,Online,M,07/22/2014,Central America and the Caribbean,08/19/2014,1260,210.95,187.28,265797.0,235972.8,29824.2
199424145,Kenya,Beverages,Online,C,07/02/2016,Central America and the Caribbean,07/29/2016,3451,442.09,269.79,1525652.59,931045.29,594607.3
150596883,Thailand,Cereal,Online,H,06/29/2014,North America,07/16/2014,1384,469.39,417.04,649635.76,577183.36,72452.4
325814433,India,Office Supplies,Offline,M,12/30/2015,Asia,01/26/2016,2196,397.0,302.15,871812.0,663521.4,208290.6
662686898,India,Beverages,Offline,M,05/14/2016,Sub-Saharan Africa,05/24/2016,1716,8.04,6.41,13796.64,10999.56,2797.08
255887481,Mexico,Cosmetics,Online,M,04/29/2015,Central America and the Caribbean,04/30/2015,3741,176.48,131.54,660211.68,492091.14,168120.54
468356243,India,Snacks,Offline,H,03/27/2014,Europe,04/16/2014,8484,358.04,188.35,3037611.36,1597961.4,1439649.96
153730163,Norway,Meat,Offline,C,11/30/2015,Sub-Saharan Africa,12/20/2015,963,41.82,31.06,40272.66,29910.78,10361.88
165533343,Japan,Meat,Offline,M,11/08/2014,Australia and Oceania,11/19/2014,7570,194.67,136.97,1473651.9,1036862.9,436789.0
980601832,Canada,Fruits,Offline,L,01/10/2014,Middle East and North Africa,01/23/2014,9985,466.5,286.59,4658002.5,2861601.15,1796401.35
315854792,Germany,Office Supplies,Offline,H,09/17/2014,Central America and the Caribbean,10/10/2014,9404,303.55,231.02,2854584.2,2172512.08,682072.12
302020508,Thailand,Snacks,Offline,H,02/12/2015,Europe,03/07/2015,2828,386.89,232.54,1094124.92,657623.12,436501.8
519852396,Brazil,Cosmetics,Offline,H,08/03/2014,Australia and Oceania,08/09/2014,8754,193.62,137.34,1694949.48,1202274.36,492675.12
741753271,Mexico,Cereal,Online,M,11/07/2016,Europe,11/16/2016,1295,143.44,93.24,185754.8,120745.8,65009.0
782956087,Norway,Clothes,Online,C,08/08/2015,Australia and Oceania,08/11/2015,585,159.25,117.84,93161.25,68936.4,24224.85
426359124,Kenya,Beverages,Online,H,01/13/2016,Central America and the Caribbean,01/15/2016,6614,179.32,130.87,1186022.48,865574.18,320448.3
908401558,India,Meat,Offline,H,05/29/2015,Sub-Saharan Africa,06/10/2015,6506,412.67,315.26,2684831.02,2051081.56,633749.46
215173494,Canada,Office Supplies,Online,L,01/10/2014,North America,01/29/2014,5575,238.99,140.09,1332369.25,781001.75,551367.5
453158429,Qatar,Vegetables,Offline,M,08/16/2014,Europe,08/28/2014,7309,124.53,66.46,910189.77,485756.14,424433.63
353836664,Germany,Cereal,Online,C,10/14/2015,Central America and the Caribbean,10/26/2015,3785,371.86,196.13,1407490.1,742352.05,665138.05
841767256,Thailand,Electronics,Online,H,12/06/2015,Middle East and North Africa,01/01/2016,7488,494.41,353.9,3702142.08,2650003.2,1052138.88
367125681,India,Beverages,Online,C,06/12/2015,North America,06/28/2015,1489,213.06,140.09,317246.34,208594.01,108652.33
377635792,Japan,Office Supplies,Online,C,11/18/2015,Middle East and North Africa,11/19/2015,5701,62.85,44.42,358307.85,253238.42,105069.43
422529300,Brazil,Meat,Online,L,05/13/2015,Central America and the Caribbean,06/09/2015,9413,287.91,189.64,2710096.83,1785081.32,925015.51
142761626,Germany,Vegetables,Offline,L,12/07/2016,Central America and the Caribbean,12/15/2016,8344,200.32,158.7,1671470.08,1324192.8,347277.28
181893892,Japan,Beverages,Online,L,05/30/2016,North America,06/16/2016,1223,123.0,106.4,150429.0,130127.2,20301.8
730340157,India,Snacks,Online,L,06/21/2015,Asia,06/30/2015,8235,114.8,58.87,945378.0,484794.45,460583.55
360776414,Japan,Meat,Online,C,01/28/2014,Asia,02/08/2014,7633,63.25,35.19,482787.25,268605.27,214181.98
445585205,Kenya,Snacks,Offline,H,06/10/2014,Sub-Saharan Africa,06/26/2014,5191,330.75,255.56,1716923.25,1326611.96,390311.29
879659447,Canada,Beverages,Online,M,07/30/2015,Middle East and North Africa,08/11/2015,5181,202.56,121.79,1049463.36,630993.99,418469.37
918401456,Japan,Electronics,Offline,C,02/03/2014,Central America and the Caribbean,02/06/2014,9993,41.23,31.34,412011.39,313180.62,98830.77
963938734,Kenya,Cosmetics,Offline,M,08/26/2016,Australia and Oceania,09/08/2016,9414,496.99,286.98,4678663.86,2701629.72,1977034.14
337939860,Brazil,Fruits,Offline,H,11/01/2016,Central America and the Caribbean,11/20/2016,239,135.06,97.59,32279.34,23324.01,8955.33
509794245,Norway,Office Supplies,Offline,M,10/19/2015,Europe,11/07/2015,8030,130.59,82.03,1048637.7,658700.9,389936.8
366062958,Germany,Fruits,Offline,C,08/24/2014,North America,08/27/2014,5701,167.93,106.88,957368.93,609322.88,348046.05
934930416,Thailand,Office Supplies,Offline,L,07/31/2015,Europe,08/03/2015,5632,282.65,164.51,1591884.8,926520.32,665364.48
199912443,India,Cereal,Offline,M,11/09/2016,Middle East and North Africa,11/10/2016,3210,460.07,346.79,1476824.7,1113195.9,363628.8
364611288,Brazil,Vegetables,Offline,C,08/27/2016,North America,09/12/2016,4742,484.29,340.62,2296503.18,1615220.04,681283.14
209566040,Mexico,Vegetables,Offline,C,07/17/2015,Central America and the Caribbean,07/31/2015,7238,466.43,401.36,3376020.34,2905043.68,470976.66
616854573,Canada,Snacks,Online,H,07/23/2014,Europe,07/26/2014,1360,42.29,26.16,57514.4,35577.6,21936.8
255633253,Kenya,Office Supplies,Offline,M,02/11/2016,Asia,02/27/2016,7619,489.23,389.84,3727443.37,2970190.96,757252.41
121223894,Thailand,Beverages,Online,L,01/14/2014,North America,02/12/2014,9498,229.76,181.94,2182260.48,1728066.12,454194.36
189570676,Norway,Snacks,Online,H,05/25/2016,Europe,06/24/2016,5449,359.41,302.88,1958425.09,1650393.12,308031.97
676966459,Germany,Vegetables,Online,L,08/27/2016,Middle East and North Africa,09/23/2016,2861,195.19,97.72,558438.59,279576.92,278861.67
838604051,India,Electronics,Offline,H,04/03/2014,Europe,04/24/2014,7639,273.53,203.68,2089495.67,1555911.52,533584.15
397885512,Thailand,Meat,Offline,L,03/04/2015,North America,03/13/2015,5397,288.76,226.99,1558437.72,1225065.03,333372.69
179323278,Kenya,Cereal,Online,L,11/02/2016,Asia,11/05/2016,4081,343.45,262.39,1401619.45,1070813.59,330805.86
259233199,Mexico,Fruits,Online,L,11/27/2015,Asia,12/15/2015,7318,79.24,43.17,579878.32,315918.06,263960.26
227769954,Thailand,Cosmetics,Offline,L,05/04/2015,Europe,05/12/2015,8463,251.56,128.11,2128952.28,1084194.93,1044757.35
154220691,Mexico,Clothes,Offline,H,12/10/2014,Australia and Oceania,01/06/2015,6753,156.47,96.33,1056641.91,650516.49,406125.42
596546283,Mexico,Vegetables,Offline,L,01/04/2016,North America,01/18/2016,7582,214.31,160.84,1624898.42,1219488.88,405409.54
305973113,Brazil,Office Supplies,Online,L,07/19/2015,Australia and Oceania,07/29/2015,5545,192.8,141.66,1069076.0,785504.7,283571.3
501902863,Germany,Snacks,Offline,M,02/13/2016,Sub-Saharan Africa,02/15/2016,5809,295.74,194.05,1717953.66,1127236.45,590717.21
687670743,India,Snacks,Offline,H,07/14/2014,Asia,08/03/2014,254,417.13,332.52,105951.02,84460.08,21490.94
339433454,Thailand,Vegetables,Offline,L,01/29/2015,Europe,02/23/2015,1619,131.78,86.88,213351.82,140658.72,72693.1
626377315,India,Cereal,Offline,C,11/09/2015,Middle East and North Africa,12/09/2015,2812,48.75,24.76,137085.0,69625.12,67459.88
262620068,Brazil,Electronics,Online,M,09/13/2014,North America,10/07/2014,7399,461.78,297.92,3416710.22,2204310.08,1212400.14
371174194,Germany,Fruits,Offline,M,12/03/2016,Europe,12/21/2016,8038,495.59,417.0,3983552.42,3351846.0,631706.42
339038529,Japan,Vegetables,Online,H,11/14/2016,Central America and the Caribbean,12/06/2016,4373,480.58,325.49,2101576.34,1423367.77,678208.57
102633885,Brazil,Clothes,Online,C,06/12/2016,North America,06/29/2016,9179,428.23,342.85,3930723.17,3147020.15,783703.02
623913117,Kenya,Vegetables,Online,M,09/12/2016,Middle East and North Africa,10/07/2016,6886,405.88,242.51,2794889.68,1669923.86,1124965.82
655310503,Norway,Clothes,Offline,L,02/02/2015,Australia and Oceania,03/04/2015,7270,46.0,27.7,334420.0,201379.0,133041.0
214057471,Kenya,Vegetables,Online,M,02/04/2016,North America,03/05/2016,2784,175.14,155.8,487589.76,433747.2,53842.56
541012897,Canada,Fruits,Offline,M,06/18/2016,Middle East and North Africa,06/26/2016,3974,27.31,24.04,108529.94,95534.96,12994.98
698181832,India,Cereal,Online,L,10/28/2014,Central America and the Caribbean,11/09/2014,6119,278.06,240.65,1701449.14,1472537.35,228911.79
236177485,Brazil,Clothes,Offline,C,04/25/2014,Asia,05/18/2014,4712,481.62,333.93,2269393.44,1573478.16,695915.28
931697629,Japan,Office Supplies,Offline,C,07/15/2014,Asia,08/06/2014,8345,111.35,65.01,929215.75,542508.45,386707.3
409066860,Qatar,Electronics,Offline,C,01/10/2014,Central America and the Caribbean,01/12/2014,7517,422.7,298.16,3177435.9,2241268.72,936167.18
680567569,Canada,Clothes,Online,M,10/27/2015,Central America and the Caribbean,11/24/2015,8704,280.22,181.13,2439034.88,1576555.52,862479.36
935886514,Canada,Meat,Online,C,06/22/2016,Central America and the Caribbean,07/07/2016,7939,309.66,236.45,2458390.74,1877176.55,581214.19
347160876,India,Snacks,Online,M,05/18/2014,North America,06/12/2014,6171,141.71,99.82,874492.41,615989.22,258503.19
449539655,Mexico,Vegetables,Offline,L,02/24/2016,Central America and the Caribbean,03/12/2016,8891,49.11,31.89,436637.01,283533.99,153103.02
844012749,Mexico,Vegetables,Online,M,05/25/2014,North America,06/14/2014,9838,174.01,95.55,1711910.38,940020.9,771889.48
663675517,Mexico,Cosmetics,Online,C,08/30/2014,Asia,09/19/2014,6139,216.97,171.38,1331978.83,1052101.82,279877.01
580673788,Germany,Cereal,Offline,M,07/11/2015,Europe,07/30/2015,4627,245.53,194.15,1136067.31,898332.05,237735.26
989156858,India,Beverages,Offline,L,02/11/2014,Sub-Saharan Africa,02/21/2014,7072,167.37,127.4,1183640.64,900972.8,282667.84
948086426,Qatar,Meat,Online,C,08/28/2016,Middle East and North Africa,09/19/2016,5002,260.63,138.27,1303671.26,691626.54,612044.72
820448896,Thailand,Office Supplies,Offline,H,05/11/2015,Europe,05/21/2015,9932,346.5,288.22,3441438.0,2862601.04,578836.96
380912360,Brazil,Vegetables,Offline,H,08/24/2014,Sub-Saharan Africa,09/10/2014,7125,375.04,282.13,2672160.0,2010176.25,661983.75
775590312,Qatar,Electronics,Online,H,10/13/2016,Asia,11/01/2016,4791,285.6,196.08,1368309.6,939419.28,428890.32
149436787,Mexico,Cosmetics,Online,C,01/10/2015,Sub-Saharan Africa,02/09/2015,206,441.21,356.87,90889.26,73515.22,17374.04
198700484,India,Cosmetics,Online,C,06/22/2015,Asia,07/02/2015,1928,309.61,272.83,596928.08,526016.24,70911.84
694944823,Canada,Cosmetics,Online,L,02/10/2014,Central America and the Caribbean,02/18/2014,2083,265.64,156.09,553328.12,325135.47,228192.65
773519599,Mexico,Electronics,Online,M,10/07/2015,Europe,10/11/2015,3637,319.72,194.64,1162821.64,707905.68,454915.96
794582055,Kenya,Cereal,Online,M,08/05/2014,Central America and the Caribbean,08/15/2014,1835,316.39,186.43,580575.65,342099.05,238476.6
870460089,Brazil,Cosmetics,Online,M,04/19/2016,Middle East and North Africa,04/29/2016,5519,20.19,16.8,111428.61,92719.2,18709.41
353272282,India,Cosmetics,Online,H,08/27/2014,Asia,08/30/2014,7057,405.11,205.86,2858861.27,1452754.02,1406107.25
887446640,Qatar,Electronics,Online,L,07/01/2015,Europe,07/17/2015,4553,325.68,280.55,1482821.04,1277344.15,205476.89
864018163,Mexico,Fruits,Online,C,06/10/2015,Australia and Oceania,06/27/2015,1892,430.48,368.87,814468.16,697902.04,116566.12
106004904,Norway,Vegetables,Online,L,05/10/2015,Sub-Saharan Africa,05/28/2015,4943,418.28,230.75,2067558.04,1140597.25,926960.79
681156222,India,Cereal,Online,M,10/02/2016,Central America and the Caribbean,10/22/2016,3971,398.05,210.48,1580656.55,835816.08,744840.47
256585775,Norway,Vegetables,Offline,C,01/16/2015,Central America and the Caribbean,01/28/2015,9150,342.36,283.89,3132594.0,2597593.5,535000.5
358420774,Qatar,Electronics,Online,L,06/25/2014,Middle East and North Africa,07/07/2014,6691,430.54,332.46,2880743.14,2224489.86,656253.28
670443931,Qatar,Vegetables,Online,H,04/10/2015,Australia and Oceania,04/12/2015,8043,192.29,167.07,1546588.47,1343744.01,202844.46
319590738,Norway,Fruits,Online,H,11/22/2015,Sub-Saharan Africa,11/30/2015,3456,458.5,366.82,1584576.0,1267729.92,316846.08
688280236,Norway,Beverages,Online,C,04/29/2015,Sub-Saharan Africa,05/01/2015,9706,319.9,257.01,3104949.4,2494539.06,610410.34
517251345,Germany,Clothes,Offline,M,02/11/2015,Middle East and North Africa,03/10/2015,1262,39.78,33.14,50202.36,41822.68,8379.68
704769146,Thailand,Electronics,Offline,H,04/05/2014,Asia,04/13/2014,1951,321.96,201.31,628143.96,392755.81,235388.15
882356394,Qatar,Electronics,Online,C,08/07/2014,Australia and Oceania,08/10/2014,870,237.54,146.27,206659.8,127254.9,79404.9
585158963,Germany,Cereal,Offline,L,07/12/2014,North America,07/20/2014,9780,440.69,344.59,4309948.2,3370090.2,939858.0
382995930,Canada,Vegetables,Offline,L,09/16/2014,Middle East and North Africa,09/24/2014,8808,188.98,149.45,1664535.84,1316355.6,348180.24
672850319,Germany,Cereal,Online,M,10/18/2015,Australia and Oceania,10/24/2015,4099,70.76,38.71,290045.24,158672.29,131372.95
218382428,Mexico,Cereal,Online,M,12/08/2014,Middle East and North Africa,12/17/2014,4631,302.06,226.97,1398839.86,1051098.07,347741.79
226994510,India,Office Supplies,Online,H,09/04/2016,North America,09/08/2016,216,89.01,66.88,19226.16,14446.08,4780.08
432535302,Norway,Electronics,Offline,L,11/03/2016,Asia,11/23/2016,5991,153.22,128.79,917941.02,771580.89,146360.13
619320259,India,Cereal,Offline,C,08/11/2016,North America,08/23/2016,783,412.87,314.95,323277.21,246605.85,76671.36
986204150,Canada,Electronics,Offline,H,06/10/2015,Middle East and North Africa,06/22/2015,7911,285.24,215.38,2256533.64,1703871.18,552662.46
776214932,Germany,Vegetables,Online,L,10/05/2014,Australia and Oceania,10/24/2014,2698,18.9,11.4,50992.2,30757.2,20235.0
511779021,India,Office Supplies,Offline,C,05/08/2015,Asia,06/07/2015,7872,234.72,142.98,1847715.84,1125538.56,722177.28
704598813,Mexico,Snacks,Online,L,12/28/2014,North America,01/10/2015,4889,295.73,150.9,1445823.97,737750.1,708073.87
735362133,Qatar,Meat,Offline,L,08/07/2014,Europe,08/24/2014,2662,311.45,265.11,829079.9,705722.82,123357.08
504713662,Canada,Cereal,Online,L,05/01/2016,Europe,05/15/2016,3276,114.28,67.74,374381.28,221916.24,152465.04
527682191,Canada,Beverages,Offline,C,05/16/2014,Asia,05/19/2014,5429,140.9,76.16,764946.1,413472.64,351473.46
473914200,Thailand,Office Supplies,Online,M,02/17/2014,Sub-Saharan Africa,02/19/2014,2667,469.7,406.75,1252689.9,1084802.25,167887.65
556721494,Thailand,Beverages,Online,M,10/01/2014,North America,10/04/2014,4356,256.03,145.65,1115266.68,634451.4,480815.28
322595607,Thailand,Electronics,Offline,L,03/28/2016,Middle East and North Africa,03/31/2016,2754,359.09,196.4,988933.86,540885.6,448048.26
498549696,Brazil,Cereal,Online,M,06/04/2014,Australia and Oceania,06/17/2014,2370,224.11,113.35,531140.7,268639.5,262501.2
157140455,Canada,Snacks,Online,L,07/26/2015,Middle East and North Africa,08/24/2015,2458,279.66,145.65,687404.28,358007.7,329396.58
373124066,Canada,Fruits,Offline,L,09/09/2014,Central America and the Caribbean,10/01/2014,1082,143.12,76.32,154855.84,82578.24,72277.6
349515608,Mexico,Fruits,Offline,H,08/12/2016,Australia and Oceania,09/02/2016,5726,60.33,32.63,345449.58,186839.38,158610.2
994014948,India,Office Supplies,Online,L,04/09/2016,Asia,04/21/2016,8771,406.49,341.88,3565323.79,2998629.48,566694.31
665417009,Japan,Office Supplies,Offline,M,08/29/2015,North America,09/06/2015,8206,119.34,73.52,979304.04,603305.12,375998.92
923051700,Norway,Clothes,Offline,C,05/18/2014,Middle East and North Africa,05/23/2014,375,84.41,58.01,31653.75,21753.75,9900.0
437233868,Mexico,Vegetables,Offline,M,07/30/2014,Australia and Oceania,08/01/2014,7991,11.74,10.05,93814.34,80309.55,13504.79
511793508,Qatar,Meat,Online,C,09/28/2015,Central America and the Caribbean,10/16/2015,3373,190.84,132.91,643703.32,448305.43,195397.89
399008701,Canada,Clothes,Offline,M,07/15/2015,Middle East and North Africa,08/02/2015,5647,32.37,27.7,182793.39,156421.9,26371.49
353395014,Canada,Beverages,Offline,L,07/06/2015,Central America and the Caribbean,07/20/2015,4826,50.85,44.3,245402.1,213791.8,31610.3
906420016,Brazil,Electronics,Offline,C,06/06/2016,Sub-Saharan Africa,06/11/2016,2897,62.85,37.53,182076.45,108724.41,73352.04
475292639,Qatar,Meat,Offline,M,02/23/2016,Middle East and North Africa,03/11/2016,793,131.41,72.98,104208.13,57873.14,46334.99
908499079,Mexico,Vegetables,Offline,H,09/11/2015,Central America and the Caribbean,10/03/2015,3264,463.21,258.94,1511917.44,845180.16,666737.28
897044234,Kenya,Clothes,Online,M,04/06/2014,Europe,04/25/2014,3980,295.48,200.92,1176010.4,799661.6,376348.8
225148170,Mexico,Snacks,Offline,M,06/03/2014,Central America and the Caribbean,06/09/2014,6673,268.84,207.84,1793969.32,1386916.32,407053.0
493911911,Qatar,Beverages,Offline,L,02/22/2014,Central America and the Caribbean,03/05/2014,5912,482.65,280.32,2853426.8,1657251.84,1196174.96
147391818,India,Beverages,Online,H,02/24/2014,Australia and Oceania,03/24/2014,5046,79.5,50.19,401157.0,253258.74,147898.26
289907477,Norway,Cereal,Online,C,05/19/2016,Central America and the Caribbean,05/22/2016,3323,477.04,252.36,1585203.92,838592.28,746611.64
353304607,Thailand,Electronics,Online,H,07/22/2015,Europe,08/04/2015,3180,122.87,90.11,390726.6,286549.8,104176.8
605643232,Qatar,Cereal,Online,M,02/28/2016,Central America and the Caribbean,03/24/2016,3643,244.71,185.21,891478.53,674720.03,216758.5
903602446,India,Office Supplies,Online,H,03/19/2014,Central America and the Caribbean,03/31/2014,681,490.33,360.52,333914.73,245514.12,88400.61
369839640,Japan,Meat,Online,M,07/25/2016,Australia and Oceania,08/15/2016,2343,282.38,157.45,661616.34,368905.35,292710.99
513138871,Canada,Beverages,Offline,L,07/12/2016,North America,07/20/2016,1252,155.46,83.14,194635.92,104091.28,90544.64
933607497,Kenya,Meat,Online,M,01/09/2014,Asia,02/04/2014,8833,338.7,295.35,2991737.1,2608826.55,382910.55
142566646,Japan,Snacks,Offline,L,01/25/2016,Central America and the Caribbean,02/20/2016,7019,475.97,296.23,3340833.43,2079238.37,1261595.06
873331778,India,Vegetables,Online,C,01/28/2015,Middle East and North Africa,02/10/2015,4922,252.58,171.09,1243198.76,842104.98,401093.78
859493069,Thailand,Clothes,Offline,L,01/28/2016,North America,02/02/2016,5170,175.33,94.04,906456.1,486186.8,420269.3
517281676,Mexico,Cosmetics,Online,H,08/13/2016,North America,09/10/2016,9676,434.55,227.54,4204705.8,2201677.04,2003028.76
977582100,Japan,Electronics,Offline,H,07/28/2014,Sub-Saharan Africa,08/07/2014,3900,15.83,8.93,61737.0,34827.0,26910.0
645501275,India,Cosmetics,Offline,L,04/07/2015,Middle East and North Africa,04/27/2015,1684,198.84,122.78,334846.56,206761.52,128085.04
646023243,Germany,Cereal,Online,M,02/04/2015,Middle East and North Africa,02/22/2015,203,347.11,202.8,70463.33,41168.4,29294.93
937963300,Mexico,Beverages,Offline,L,03/20/2014,Middle East and North Africa,03/22/2014,8442,271.68,180.24,2293522.56,1521586.08,771936.48
811195996,Canada,Electronics,Offline,M,10/14/2014,Australia and Oceania,11/06/2014,1433,291.63,155.87,417905.79,223361.71,194544.08
484764595,Germany,Cosmetics,Online,M,07/21/2014,Australia and Oceania,08/07/2014,8233,341.23,288.74,2809346.59,2377196.42,432150.17
557791968,Norway,Electronics,Online,M,03/26/2014,Australia and Oceania,04/20/2014,7985,347.77,197.16,2776943.45,1574322.6,1202620.85
961360247,Kenya,Clothes,Offline,L,01/23/2014,North America,01/26/2014,6638,424.84,322.83,2820087.92,2142945.54,677142.38
630011631,Japan,Meat,Online,H,03/25/2014,Middle East and North Africa,03/28/2014,3217,232.08,129.92,746601.36,417952.64,328648.72
319894954,Thailand,Cereal,Online,L,02/23/2015,Europe,03/16/2015,1903,438.95,286.53,835321.85,545266.59,290055.26
449394654,Brazil,Vegetables,Offline,H,05/25/2014,Asia,06/16/2014,7720,499.7,304.35,3857684.0,2349582.0,1508102.0
883384693,Brazil,Beverages,Offline,M,05/18/2015,Asia,05/28/2015,464,189.97,134.79,88146.08,62542.56,25603.52
125978811,Kenya,Cosmetics,Online,L,12/28/2016,Middle East and North Africa,01/04/2017,8659,35.64,24.34,308606.76,210760.06,97846.7
467918960,Germany,Clothes,Online,H,01/10/2015,North America,01/30/2015,3838,40.71,23.81,156244.98,91382.78,64862.2
244924075,Kenya,Vegetables,Offline,M,02/10/2016,North America,02/29/2016,3411,484.33,352.06,1652049.63,1200876.66,451172.97
458449714,Thailand,Snacks,Online,H,04/15/2014,Europe,05/10/2014,5699,365.98,258.79,2085720.02,1474844.21,610875.81
678001446,Norway,Clothes,Online,M,09/26/2014,Europe,09/29/2014,1847,301.89,169.59,557590.83,313232.73,244358.1
752502919,Thailand,Office Supplies,Offline,C,12/18/2016,North America,12/19/2016,5108,361.0,303.62,1843988.0,1550890.96,293097.04
919029780,Brazil,Vegetables,Offline,H,03/04/2015,Sub-Saharan Africa,03/23/2015,8612,392.65,298.47,3381501.8,2570423.64,811078.16
230785786,Canada,Beverages,Offline,M,07/31/2015,Asia,08/11/2015,3851,143.55,125.38,552811.05,482838.38,69972.67
280734577,Qatar,Electronics,Online,C,06/12/2015,North America,06/16/2015,4798,261.02,199.26,1252373.96,956049.48,296324.48
516033677,Thailand,Electronics,Online,M,10/13/2015,Asia,11/09/2015,4396,320.53,167.79,1409049.88,737604.84,671445.04
918846487,Brazil,Meat,Online,M,06/20/2015,Central America and the Caribbean,07/11/2015,4850,350.32,246.64,1699052.0,1196204.0,502848.0
260955430,India,Clothes,Offline,M,10/12/2016,Middle East and North Africa,11/05/2016,8581,182.63,97.76,1567148.03,838878.56,728269.47
222565324,Mexico,Cereal,Offline,L,01/01/2015,Australia and Oceania,01/05/2015,5622,157.1,134.89,883216.2,758351.58,124864.62
581019850,India,Meat,Online,M,09/19/2014,Australia and Oceania,10/08/2014,4163,472.32,248.84,1966268.16,1035920.92,930347.24
950980088,Brazil,Fruits,Online,C,05/10/2015,Middle East and North Africa,06/05/2015,3088,62.64,55.8,193432.32,172310.4,21121.92
115893183,Kenya,Clothes,Online,M,05/05/2014,Europe,05/20/2014,861,71.73,55.63,61759.53,47897.43,13862.1
207474337,Qatar,Cosmetics,Offline,H,10/27/2014,Middle East and North Africa,11/05/2014,7062,413.07,335.39,2917100.34,2368524.18,548576.16
673282459,Qatar,Cosmetics,Online,M,09/19/2016,North America,09/30/2016,7130,129.56,65.92,923762.8,470009.6,453753.2
308624691,Thailand,Fruits,Offline,M,06/02/2014,North America,06/06/2014,4562,57.83,45.48,263820.46,207479.76,56340.7
289742108,Germany,Clothes,Offline,H,03/28/2016,Australia and Oceania,04/18/2016,8798,452.44,352.1,3980567.12,3097775.8,882791.32
543711930,Brazil,Fruits,Offline,M,03/04/2015,Middle East and North Africa,04/02/2015,7913,334.24,283.21,2644841.12,2241040.73,403800.39
298789888,Mexico,Meat,Offline,H,11/20/2014,Sub-Saharan Africa,11/30/2014,6843,92.4,73.58,632293.2,503507.94,128785.26
216758386,Mexico,Clothes,Online,H,03/02/2014,Australia and Oceania,03/22/2014,6454,181.03,150.16,1168367.62,969132.64,199234.98
664840750,India,Vegetables,Online,L,09/25/2014,Australia and Oceania,10/16/2014,6201,208.72,134.93,1294272.72,836700.93,457571.79
163748738,Brazil,Cereal,Online,L,06/14/2016,Asia,06/26/2016,9640,190.24,153.75,1833913.6,1482150.0,351763.6
384799730,Qatar,Electronics,Online,L,06/21/2016,Central America and the Caribbean,07/04/2016,1279,181.33,107.26,231921.07,137185.54,94735.53
279908090,Norway,Vegetables,Online,M,03/21/2015,North America,03/30/2015,6916,47.32,40.33,327265.12,278922.28,48342.84
532648560,Qatar,Clothes,Online,H,10/06/2016,Central America and the Caribbean,11/03/2016,4189,479.97,264.71,2010594.33,1108870.19,901724.14
289855257,Norway,Meat,Offline,H,01/17/2014,North America,02/14/2014,6000,228.74,185.1,1372440.0,1110600.0,261840.0
240975056,Kenya,Clothes,Online,L,11/06/2014,Sub-Saharan Africa,11/15/2014,5193,412.61,278.24,2142683.73,1444900.32,697783.41
592343081,Brazil,Snacks,Offline,H,01/30/2014,Sub-Saharan Africa,02/04/2014,2611,471.37,282.79,1230747.07,738364.69,492382.38
355326794,Norway,Vegetables,Offline,L,01/11/2015,Asia,01/30/2015,7032,66.43,41.42,467135.76,291265.44,175870.32
792041991,Thailand,Electronics,Online,H,04/18/2015,Australia and Oceania,05/14/2015,5668,367.61,227.74,2083613.48,1290830.32,792783.16
409629824,Germany,Beverages,Offline,M,09/07/2014,Middle East and North Africa,09/22/2014,8059,322.24,199.62,2596932.16,1608737.58,988194.58
664277983,Norway,Electronics,Online,L,04/23/2014,Middle East and North Africa,04/27/2014,5005,308.54,231.96,1544242.7,1160959.8,383282.9
799895507,Norway,Cosmetics,Online,L,07/28/2014,Australia and Oceania,08/17/2014,7161,168.23,106.77,1204695.03,764579.97,440115.06
209649435,Canada,Snacks,Offline,M,03/21/2014,Middle East and North Africa,04/19/2014,234,75.83,42.51,17744.22,9947.34,7796.88
997292107,Japan,Meat,Offline,M,05/20/2016,Asia,06/19/2016,8217,373.34,295.52,3067734.78,2428287.84,639446.94
120068141,Qatar,Vegetables,Offline,L,11/06/2015,Australia and Oceania,11/08/2015,8990,319.37,240.22,2871136.3,2159577.8,711558.5
253394127,Kenya,Electronics,Online,C,04/25/2015,Europe,05/03/2015,3475,56.95,44.4,197901.25,154290.0,43611.25
594068161,Brazil,Cereal,Offline,L,12/31/2014,Sub-Saharan Africa,01/24/2015,4625,71.19,44.5,329253.75,205812.5,123441.25
221577893,India,Cereal,Online,M,01/06/2015,North America,01/23/2015,4974,420.82,212.38,2093158.68,1056378.12,1036780.56
399841559,Norway,Clothes,Offline,H,07/23/2014,North America,08/08/2014,504,374.11,326.39,188551.44,164500.56,24050.88
887363315,India,Fruits,Offline,C,09/28/2016,North America,10/03/2016,1393,248.74,205.05,346494.82,285634.65,60860.17
660301290,Brazil,Meat,Online,M,09/16/2014,Central America and the Caribbean,10/02/2014,6627,425.72,309.32,2821246.44,2049863.64,771382.8
977258661,Germany,Vegetables,Online,C,03/11/2015,Central America and the Caribbean,03/12/2015,5145,488.99,305.13,2515853.55,1569893.85,945959.7
312076716,Norway,Meat,Offline,L,07/26/2016,Sub-Saharan Africa,07/31/2016,2574,332.46,200.0,855752.04,514800.0,340952.04
756936373,Norway,Meat,Offline,C,07/13/2014,North America,07/28/2014,5550,162.24,136.32,900432.0,756576.0,143856.0
375862471,Qatar,Clothes,Online,H,03/15/2015,Central America and the Caribbean,03/20/2015,4713,78.14,39.27,368273.82,185079.51,183194.31
991410303,Germany,Office Supplies,Offline,C,02/09/2016,Central America and the Caribbean,02/18/2016,6342,36.91,31.6,234083.22,200407.2,33676.02
304906100,Thailand,Fruits,Online,M,02/24/2014,Central America and the Caribbean,03/23/2014,4007,68.93,49.4,276202.51,197945.8,78256.71
169457722,Germany,Office Supplies,Online,C,10/02/2015,Asia,11/01/2015,2821,175.96,102.0,496383.16,287742.0,208641.16
648230973,India,Clothes,Online,M,02/01/2014,North America,02/18/2014,5922,42.97,26.57,254468.34,157347.54,97120.8
213595335,Norway,Cosmetics,Online,M,08/22/2016,Middle East and North Africa,09/11/2016,8620,95.37,56.27,822089.4,485047.4,337042.0
291939300,India,Electronics,Offline,M,02/13/2014,North America,03/10/2014,1973,117.87,69.52,232557.51,137162.96,95394.55
493748414,Canada,Cereal,Offline,L,01/22/2014,Middle East and North Africa,02/17/2014,5909,190.05,120.5,1123005.45,712034.5,410970.95
652842133,Canada,Meat,Offline,C,05/04/2014,Central America and the Caribbean,05/09/2014,2663,369.13,311.86,982993.19,830483.18,152510.01
662545709,India,Cereal,Online,L,05/21/2015,Central America and the Caribbean,05/25/2015,4020,168.16,121.76,676003.2,489475.2,186528.0
252031575,Germany,Office Supplies,Offline,L,11/03/2014,Australia and Oceania,11/24/2014,1388,95.17,74.03,132095.96,102753.64,29342.32
450811703,Norway,Vegetables,Offline,H,10/16/2016,Europe,11/11/2016,4242,353.97,250.06,1501540.74,1060754.52,440786.22
332328866,Qatar,Cosmetics,Offline,M,09/29/2014,Europe,10/12/2014,1123,54.37,38.44,61057.51,43168.12,17889.39
957510744,Mexico,Vegetables,Online,L,10/21/2014,Asia,11/12/2014,2083,275.57,228.06,574012.31,475048.98,98963.33
797645640,Brazil,Snacks,Offline,L,06/07/2016,Australia and Oceania,06/27/2016,8033,287.91,155.74,2312781.03,1251059.42,1061721.61
762462591,Norway,Electronics,Online,L,12/07/2014,North America,12/25/2014,7244,194.29,101.26,1407436.76,733527.44,673909.32
875726549,Mexico,Cereal,Offline,M,09/04/2014,North America,09/29/2014,1063,394.81,250.42,419683.03,266196.46,153486.57
222187275,Japan,Cosmetics,Online,L,07/04/2015,Europe,07/05/2015,5665,32.26,27.73,182752.9,157090.45,25662.45
682988141,Japan,Electronics,Offline,H,10/03/2015,Australia and Oceania,10/11/2015,5880,28.89,15.31,169873.2,90022.8,79850.4
163283437,Germany,Cereal,Online,C,05/27/2016,Sub-Saharan Africa,06/25/2016,9470,422.14,295.66,3997665.8,2799900.2,1197765.6
515553311,Kenya,Beverages,Online,M,06/26/2015,Sub-Saharan Africa,07/13/2015,4119,225.96,166.92,930729.24,687543.48,243185.76
398859604,India,Electronics,Offline,H,03/30/2016,Sub-Saharan Africa,04/26/2016,5880,179.56,146.41,1055812.8,860890.8,194922.0
989140194,Kenya,Electronics,Online,L,07/10/2016,Sub-Saharan Africa,07/22/2016,4318,75.73,58.21,327002.14,251350.78,75651.36
999024828,Thailand,Clothes,Offline,L,02/06/2016,Australia and Oceania,02/18/2016,9098,176.78,104.42,1608344.44,950013.16,658331.28
661604254,Qatar,Cereal,Offline,M,11/23/2014,Sub-Saharan Africa,12/19/2014,509,218.3,177.11,111114.7,90148.99,20965.71
255724739,Qatar,Vegetables,Online,M,07/08/2016,Australia and Oceania,07/12/2016,9675,417.31,286.2,4037474.25,2768985.0,1268489.25
583746047,Germany,Office Supplies,Online,C,08/19/2016,Australia and Oceania,08/20/2016,4596,46.26,30.84,212610.96,141740.64,70870.32
178535862,Kenya,Office Supplies,Offline,H,08/29/2015,Europe,09/26/2015,8832,115.52,71.29,1020272.64,629633.28,390639.36
570725221,Thailand,Electronics,Offline,M,08/21/2014,Asia,09/07/2014,4219,129.97,115.5,548343.43,487294.5,61048.93
663635811,Brazil,Meat,Online,H,03/08/2015,Central America and the Caribbean,03/19/2015,1601,146.45,117.17,234466.45,187589.17,46877.28
900920424,Japan,Clothes,Offline,L,06/25/2015,Europe,06/29/2015,2902,314.19,279.8,911779.38,811979.6,99799.78
602956118,Kenya,Beverages,Online,L,08/02/2016,Asia,08/05/2016,8865,105.52,68.44,935434.8,606720.6,328714.2
625995204,Germany,Meat,Offline,M,11/28/2014,North America,12/24/2014,3565,161.93,136.23,577280.45,485659.95,91620.5
205613663,Canada,Clothes,Online,C,01/16/2014,North America,02/13/2014,7330,62.87,35.33,460837.1,258968.9,201868.2
510121006,Germany,Cosmetics,Online,M,07/02/2015,Central America and the Caribbean,07/11/2015,9354,267.69,231.26,2503972.26,2163206.04,340766.22
321116143,Mexico,Electronics,Offline,M,05/21/2014,North America,06/15/2014,3134,237.58,153.52,744575.72,481131.68,263444.04
313148733,Norway,Fruits,Offline,C,05/07/2015,Australia and Oceania,06/02/2015,4243,79.56,51.86,337573.08,220041.98,117531.1
375216577,Germany,Fruits,Online,H,01/22/2015,Middle East and North Africa,02/01/2015,3040,410.98,311.55,1249379.2,947112.0,302267.2
603204498,Thailand,Snacks,Online,C,08/20/2015,Asia,09/06/2015,5528,255.11,142.15,1410248.08,785805.2,624442.88
559289266,Qatar,Office Supplies,Offline,H,09/03/2016,Middle East and North Africa,09/04/2016,4901,348.27,262.44,1706871.27,1286218.44,420652.83
713314175,Kenya,Clothes,Online,C,07/10/2014,Europe,07/25/2014,671,16.25,10.96,10903.75,7354.16,3549.59
997458770,Thailand,Electronics,Offline,L,06/14/2015,Asia,07/02/2015,4374,359.1,239.13,1570703.4,1045954.62,524748.78
451025428,Norway,Meat,Online,L,08/03/2014,Central America and the Caribbean,08/18/2014,6274,8.97,6.96,56277.78,43667.04,12610.74
759500056,Canada,Cereal,Offline,L,05/24/2015,North America,06/05/2015,8062,179.46,99.32,1446806.52,800717.84,646088.68
873221317,Mexico,Office Supplies,Online,L,11/03/2014,Europe,11/13/2014,982,467.39,337.74,458976.98,331660.68,127316.3
166302870,Kenya,Electronics,Offline,M,03/27/2016,Central America and the Caribbean,04/25/2016,5160,11.68,6.38,60268.8,32920.8,27348.0
432690467,Canada,Office Supplies,Online,M,08/30/2014,Asia,09/01/2014,1213,5.43,4.56,6586.59,5531.28,1055.31
506783231,Qatar,Fruits,Offline,C,01/11/2014,North America,01/15/2014,3094,275.1,176.68,851159.4,546647.92,304511.48
321699901,Qatar,Vegetables,Offline,H,03/16/2015,Central America and the Caribbean,04/06/2015,8678,478.06,408.08,4148604.68,3541318.24,607286.44
273881265,Norway,Fruits,Online,C,12/15/2014,Sub-Saharan Africa,01/10/2015,6300,140.42,93.64,884646.0,589932.0,294714.0
706861449,Qatar,Cereal,Online,C,10/31/2016,Middle East and North Africa,11/01/2016,3922,468.18,259.84,1836201.96,1019092.48,817109.48
479550090,Norway,Vegetables,Offline,H,11/15/2016,Europe,12/01/2016,8597,392.58,197.27,3375010.26,1695930.19,1679080.07
350705507,Kenya,Clothes,Offline,L,12/31/2016,Asia,01/23/2017,1106,87.56,73.95,96841.36,81788.7,15052.66
430693641,Brazil,Clothes,Online,L,01/15/2015,Sub-Saharan Africa,01/21/2015,5723,471.81,372.63,2700168.63,2132561.49,567607.14
748224219,Norway,Snacks,Offline,M,07/01/2016,Sub-Saharan Africa,07/04/2016,4955,256.13,136.42,1269124.15,675961.1,593163.05
361376153,Qatar,Clothes,Offline,H,11/02/2014,North America,11/10/2014,7398,341.16,270.88,2523901.68,2003970.24,519931.44
507750836,India,Cereal,Online,H,12/18/2014,Sub-Saharan Africa,01/16/2015,1927,424.81,223.49,818608.87,430665.23,387943.64
611246904,India,Electronics,Online,M,07/03/2014,Europe,07/15/2014,1291,126.99,77.04,163944.09,99458.64,64485.45
788108726,Canada,Vegetables,Online,L,04/20/2015,Middle East and North Africa,05/19/2015,4878,208.95,176.96,1019258.1,863210.88,156047.22
656045810,Germany,Fruits,Online,L,07/08/2014,Central America and the Caribbean,07/22/2014,278,116.75,85.56,32456.5,23785.68,8670.82
199176952,Qatar,Clothes,Offline,L,05/05/2016,Central America and the Caribbean,05/25/2016,3004,162.78,108.88,488991.12,327075.52,161915.6
268188205,Kenya,Electronics,Online,M,04/13/2016,North America,04/20/2016,2008,489.99,325.74,983899.92,654085.92,329814.0
357262670,Kenya,Meat,Online,C,08/02/2016,Sub-Saharan Africa,08/17/2016,8324,226.23,202.1,1883138.52,1682280.4,200858.12
836610810,Norway,Vegetables,Offline,C,02/25/2015,Asia,03/06/2015,1839,350.28,223.82,644164.92,411604.98,232559.94
735256738,Norway,Cosmetics,Offline,H,02/13/2015,Sub-Saharan Africa,02/19/2015,5508,488.88,350.37,2692751.04,1929837.96,762913.08
944417285,Norway,Fruits,Offline,M,10/04/2016,Middle East and North Africa,10/05/2016,6179,175.08,125.01,1081819.32,772436.79,309382.53
923009816,Japan,Beverages,Offline,M,09/17/2016,Asia,09/25/2016,7250,142.17,71.18,1030732.5,516055.0,514677.5
709890022,Mexico,Clothes,Online,H,06/16/2015,Asia,06/23/2015,6901,67.98,40.98,469129.98,282802.98,186327.0
372927719,Qatar,Meat,Online,M,05/11/2015,Europe,06/01/2015,2825,108.69,85.85,307049.25,242526.25,64523.0
865520259,Canada,Clothes,Offline,C,08/30/2015,Asia,09/15/2015,1830,246.91,136.98,451845.3,250673.4,201171.9
240306668,Brazil,Cereal,Offline,L,10/17/2016,Central America and the Caribbean,11/07/2016,2781,243.14,141.83,676172.34,394429.23,281743.11
711492576,India,Office Supplies,Offline,C,02/29/2016,Australia and Oceania,03/29/2016,7325,463.84,417.0,3397628.0,3054525.0,343103.0
325280874,Brazil,Beverages,Online,C,10/31/2014,Central America and the Caribbean,11/24/2014,8945,395.8,251.16,3540431.0,2246626.2,1293804.8
472516278,Norway,Clothes,Offline,C,08/17/2016,Australia and Oceania,09/13/2016,8155,250.73,156.12,2044703.15,1273158.6,771544.55
684272956,Norway,Meat,Online,H,04/25/2014,Asia,05/02/2014,5467,345.04,274.92,1886333.68,1502987.64,383346.04
487555977,Qatar,Office Supplies,Offline,M,05/17/2015,Central America and the Caribbean,06/09/2015,5540,321.21,264.83,1779503.4,1467158.2,312345.2
192060618,Mexico,Snacks,Offline,M,02/05/2015,Middle East and North Africa,02/12/2015,7464,131.93,95.39,984725.52,711990.96,272734.56
812577670,Brazil,Clothes,Online,M,08/01/2014,Asia,08/21/2014,3477,128.7,84.37,447489.9,293354.49,154135.41
995435574,Norway,Clothes,Online,L,12/13/2014,Sub-Saharan Africa,12/19/2014,8408,225.55,170.86,1896424.4,1436590.88,459833.52
829535713,Japan,Vegetables,Offline,C,02/19/2016,Middle East and North Africa,03/16/2016,1560,390.49,307.36,609164.4,479481.6,129682.8
495871867,Brazil,Clothes,Offline,C,03/07/2016,Australia and Oceania,03/23/2016,3386,474.81,357.38,1607706.66,1210088.68,397617.98
501486868,Kenya,Cereal,Offline,M,01/05/2014,Middle East and North Africa,01/25/2014,7340,18.13,11.61,133074.2,85217.4,47856.8
599973583,Japan,Beverages,Online,H,04/09/2015,Europe,04/19/2015,1519,429.16,309.95,651894.04,470814.05,181079.99
829178042,Mexico,Electronics,Online,L,04/25/2014,Sub-Saharan Africa,05/18/2014,8889,343.68,252.42,3054971.52,2243761.38,811210.14
462893081,Thailand,Cosmetics,Offline,M,08/28/2014,Sub-Saharan Africa,09/08/2014,9911,30.6,16.05,303276.6,159071.55,144205.05
124904068,Kenya,Snacks,Offline,L,11/15/2014,Sub-Saharan Africa,12/15/2014,8206,139.22,104.83,1142439.32,860234.98,282204.34
491340282,Brazil,Vegetables,Online,M,11/20/2015,Sub-Saharan Africa,12/17/2015,7949,125.84,82.45,1000302.16,655395.05,344907.11
567540485,Japan,Electronics,Online,H,07/17/2015,Asia,08/06/2015,2016,167.1,138.14,336873.6,278490.24,58383.36
673721717,India,Cosmetics,Online,H,09/20/2016,Sub-Saharan Africa,10/15/2016,2296,266.37,177.64,611585.52,407861.44,203724.08
264765839,Germany,Fruits,Offline,L,04/18/2014,Europe,05/09/2014,2985,191.74,117.77,572343.9,351543.45,220800.45
361078332,Canada,Cereal,Online,L,07/06/2015,Australia and Oceania,07/12/2015,8978,207.68,115.49,1864551.04,1036869.22,827681.82
709344747,Kenya,Clothes,Online,C,02/19/2016,Australia and Oceania,02/29/2016,3798,165.68,113.15,629252.64,429743.7,199508.94
367506697,Thailand,Clothes,Offline,H,02/28/2015,Sub-Saharan Africa,03/16/2015,9356,36.53,27.69,341774.68,259067.64,82707.04
999203160,Qatar,Fruits,Online,H,01/08/2015,Sub-Saharan Africa,01/19/2015,5241,87.97,59.16,461050.77,310057.56,150993.21
177712723,Qatar,Electronics,Online,L,07/30/2015,Central America and the Caribbean,08/22/2015,1458,350.95,260.51,511685.1,379823.58,131861.52
454925626,Norway,Fruits,Online,M,09/18/2016,Central America and the Caribbean,10/16/2016,6791,228.14,153.89,1549298.74,1045066.99,504231.75
319264751,Canada,Snacks,Offline,L,12/19/2014,Central America and the Caribbean,01/10/2015,6708,357.2,236.9,2396097.6,1589125.2,806972.4
548048232,Kenya,Vegetables,Offline,H,10/16/2015,Australia and Oceania,10/23/2015,5597,324.05,181.17,1813707.85,1014008.49,799699.36
241099215,Japan,Vegetables,Offline,C,04/20/2016,Australia and Oceania,05/01/2016,9003,419.9,298.5,3780359.7,2687395.5,1092964.2
104093000,Kenya,Clothes,Offline,L,09/10/2016,Sub-Saharan Africa,10/08/2016,4778,322.12,226.09,1539089.36,1080258.02,458831.34
210799063,Brazil,Vegetables,Offline,L,08/16/2015,North America,08/28/2015,2937,305.49,200.28,897224.13,588222.36,309001.77
574983876,Canada,Snacks,Online,H,10/09/2016,Asia,10/18/2016,4998,175.06,92.82,874949.88,463914.36,411035.52
171542006,Norway,Cosmetics,Offline,C,11/11/2014,Sub-Saharan Africa,11/25/2014,3892,474.03,284.73,1844924.76,1108169.16,736755.6
207149790,Canada,Fruits,Online,H,02/02/2016,Asia,02/06/2016,6877,389.1,208.27,2675840.7,1432272.79,1243567.91
588424745,Kenya,Cosmetics,Offline,M,10/05/2016,Middle East and North Africa,10/15/2016,5715,492.28,348.06,2813380.2,1989162.9,824217.3
647191582,Germany,Fruits,Offline,H,02/21/2014,North America,02/28/2014,2938,333.79,215.58,980675.02,633374.04,347300.98
491988979,Japan,Fruits,Offline,C,05/13/2016,Europe,05/30/2016,303,43.19,32.93,13086.57,9977.79,3108.78
857889942,Kenya,Fruits,Online,H,05/31/2015,Central America and the Caribbean,06/14/2015,5850,332.79,166.95,1946821.5,976657.5,970164.0
849005833,Canada,Electronics,Online,C,07/15/2016,Middle East and North Africa,08/01/2016,3227,326.44,282.38,1053421.88,911240.26,142181.62
810478427,Canada,Beverages,Online,L,09/22/2016,Australia and Oceania,10/12/2016,2282,381.33,296.82,870195.06,677343.24,192851.82
514077598,Qatar,Beverages,Online,C,10/04/2015,Middle East and North Africa,10/07/2015,4858,86.04,46.62,417982.32,226479.96,191502.36
552632527,Mexico,Cosmetics,Offline,L,11/01/2014,Middle East and North Africa,11/04/2014,2067,385.04,258.55,795877.68,534422.85,261454.83
368737649,Kenya,Vegetables,Online,L,08/20/2016,Sub-Saharan Africa,09/17/2016,3231,276.29,181.8,892692.99,587395.8,305297.19
648600010,Thailand,Meat,Offline,C,09/16/2015,Australia and Oceania,09/23/2015,7763,198.86,104.88,1543750.18,814183.44,729566.74
779727925,Qatar,Beverages,Offline,M,11/11/2015,Sub-Saharan Africa,12/03/2015,9292,358.02,189.08,3326721.84,1756931.36,1569790.48
661432628,Mexico,Electronics,Offline,H,03/12/2015,Central America and the Caribbean,03/31/2015,9357,17.22,14.4,161127.54,134740.8,26386.74
366737556,Brazil,Cosmetics,Offline,H,03/24/2015,Middle East and North Africa,04/03/2015,6371,274.24,138.74,1747183.04,883912.54,863270.5
408621315,Norway,Cosmetics,Offline,L,01/05/2016,North America,01/27/2016,7298,336.5,239.15,2455777.0,1745316.7,710460.3
752159891,Germany,Beverages,Offline,L,06/17/2016,Asia,07/06/2016,7253,51.96,33.2,376865.88,240799.6,136066.28
734957845,Germany,Clothes,Offline,L,10/25/2015,Australia and Oceania,10/30/2015,6665,52.55,41.63,350245.75,277463.95,72781.8
893575539,Qatar,Cosmetics,Online,C,05/26/2014,Middle East and North Africa,06/23/2014,4997,413.76,334.64,2067558.72,1672196.08,395362.64
545507273,Japan,Snacks,Offline,H,08/06/2015,Central America and the Caribbean,08/27/2015,2856,283.69,210.02,810218.64,599817.12,210401.52
214034041,India,Beverages,Offline,L,10/09/2014,Sub-Saharan Africa,11/04/2014,5372,498.71,394.53,2679070.12,2119415.16,559654.96
709189504,Japan,Fruits,Online,M,07/24/2014,Asia,07/26/2014,1286,309.12,178.56,397528.32,229628.16,167900.16
134798203,Norway,Meat,Offline,H,06/19/2015,North America,07/06/2015,340,243.56,134.26,82810.4,45648.4,37162.0
908990368,Japan,Beverages,Offline,H,01/26/2015,Middle East and North Africa,02/05/2015,2022,365.99,201.76,740031.78,407958.72,332073.06
384292846,Kenya,Clothes,Online,C,11/04/2014,Sub-Saharan Africa,11/19/2014,3818,162.44,83.16,620195.92,317504.88,302691.04
444209332,Mexico,Cereal,Online,H,12/26/2014,North America,01/03/2015,8649,458.71,304.26,3967382.79,2631544.74,1335838.05
466790248,Brazil,Beverages,Offline,H,04/24/2015,Sub-Saharan Africa,05/24/2015,5401,94.44,53.95,510070.44,291383.95,218686.49
733562142,Qatar,Vegetables,Online,L,11/16/2016,Australia and Oceania,11/29/2016,6319,225.72,181.59,1426324.68,1147467.21,278857.47
378936761,Canada,Electronics,Offline,C,09/08/2016,Sub-Saharan Africa,09/26/2016,2047,417.2,214.14,854008.4,438344.58,415663.82
910207198,Mexico,Vegetables,Online,C,06/22/2016,Central America and the Caribbean,07/02/2016,4774,141.83,88.41,677096.42,422069.34,255027.08
525055726,Norway,Electronics,Offline,C,05/11/2016,Sub-Saharan Africa,05/30/2016,7348,105.89,80.1,778079.72,588574.8,189504.92
417846016,Kenya,Beverages,Online,C,12/26/2015,Australia and Oceania,01/25/2016,9905,179.97,95.16,1782602.85,942559.8,840043.05
578345646,Japan,Vegetables,Online,C,07/17/2016,Europe,08/12/2016,2966,477.61,375.28,1416591.26,1113080.48,303510.78
740612887,Mexico,Vegetables,Online,L,04/05/2015,Australia and Oceania,04/08/2015,6679,323.19,276.7,2158586.01,1848079.3,310506.71
985084871,Brazil,Snacks,Online,C,03/22/2014,Central America and the Caribbean,03/24/2014,1635,204.68,152.34,334651.8,249075.9,85575.9
561114326,Canada,Vegetables,Offline,M,05/03/2015,Middle East and North Africa,05/26/2015,2223,198.14,153.47,440465.22,341163.81,99301.41
196664592,Thailand,Meat,Offline,L,06/04/2015,Europe,06/09/2015,4299,309.74,179.2,1331572.26,770380.8,561191.46
718944155,Canada,Meat,Online,L,08/21/2016,North America,08/24/2016,9929,440.98,278.25,4378490.42,2762744.25,1615746.17
623550756,India,Vegetables,Online,L,01/22/2016,North America,02/18/2016,7097,250.33,176.63,1776592.01,1253543.11,523048.9
459467932,Canada,Vegetables,Offline,H,08/17/2014,North America,08/20/2014,6737,482.43,306.34,3250130.91,2063812.58,1186318.33
199731124,Thailand,Snacks,Offline,C,03/22/2016,Central America and the Caribbean,04/11/2016,2971,179.6,105.62,533591.6,313797.02,219794.58
410648197,Mexico,Office Supplies,Online,H,02/07/2014,Australia and Oceania,02/23/2014,2140,177.56,99.7,379978.4,213358.0,166620.4
621476024,Canada,Electronics,Offline,H,03/10/2015,Asia,03/27/2015,301,466.79,252.86,140503.79,76110.86,64392.93
830809924,Qatar,Vegetables,Online,H,03/20/2014,Sub-Saharan Africa,04/13/2014,3876,101.43,82.26,393142.68,318839.76,74302.92
297605027,India,Beverages,Online,M,10/11/2014,Central America and the Caribbean,11/07/2014,1185,221.35,143.61,262299.75,170177.85,92121.9
521977374,Canada,Vegetables,Offline,M,04/25/2016,Asia,05/01/2016,4299,412.67,276.44,1774068.33,1188415.56,585652.77
687439373,Norway,Electronics,Online,C,05/24/2016,Asia,06/10/2016,6975,367.2,289.66,2561220.0,2020378.5,540841.5
686955352,Brazil,Vegetables,Offline,M,08/03/2014,Europe,08/29/2014,7098,382.47,219.76,2714772.06,1559856.48,1154915.58
714741052,Norway,Cereal,Online,H,02/13/2015,Asia,02/27/2015,6649,241.37,132.78,1604869.13,882854.22,722014.91
753896004,Qatar,Office Supplies,Online,H,12/11/2014,Asia,12/29/2014,6485,76.97,69.07,499150.45,447918.95,51231.5
358577776,Canada,Vegetables,Offline,L,04/05/2014,Europe,04/11/2014,5742,321.8,240.0,1847775.6,1378080.0,469695.6
160777174,Mexico,Cereal,Offline,C,04/28/2014,North America,05/21/2014,5223,252.81,159.34,1320426.63,832232.82,488193.81
762067188,Mexico,Cosmetics,Online,C,02/22/2015,Australia and Oceania,03/05/2015,9855,80.89,57.34,797170.95,565085.7,232085.25
204241487,India,Beverages,Online,H,02/12/2014,Europe,03/11/2014,141,294.37,151.0,41506.17,21291.0,20215.17
396704801,Mexico,Snacks,Online,C,06/09/2014,Central America and the Caribbean,06/26/2014,8083,31.9,18.65,257847.7,150747.95,107099.75
585098342,Norway,Cosmetics,Online,C,08/20/2014,Europe,09/19/2014,8161,187.73,138.13,1532064.53,1127278.93,404785.6
697286074,Canada,Electronics,Offline,H,01/17/2014,North America,01/26/2014,6853,393.73,235.9,2698231.69,1616622.7,1081608.99
158250675,Japan,Cosmetics,Online,L,02/25/2015,Middle East and North Africa,03/08/2015,1124,333.08,254.46,374381.92,286013.04,88368.88
499112553,Thailand,Cereal,Offline,M,08/10/2014,Sub-Saharan Africa,08/29/2014,7519,321.7,213.76,2418862.3,1607261.44,811600.86
541889819,Mexico,Cereal,Offline,C,07/14/2015,Asia,07/23/2015,9955,39.57,25.97,393919.35,258531.35,135388.0
768611106,India,Fruits,Online,C,08/04/2014,Europe,08/29/2014,8641,77.05,64.82,665789.05,560109.62,105679.43
231639128,India,Office Supplies,Online,M,10/23/2016,Europe,11/20/2016,4438,311.58,246.58,1382792.04,1094322.04,288470.0
715377599,Kenya,Clothes,Offline,L,03/18/2016,Sub-Saharan Africa,04/16/2016,2631,23.75,19.31,62486.25,50804.61,11681.64
161496982,Canada,Beverages,Offline,L,01/20/2014,Middle East and North Africa,01/31/2014,4551,115.91,84.03,527506.41,382420.53,145085.88
772143011,India,Vegetables,Offline,L,04/15/2016,North America,04/30/2016,6045,487.64,285.82,2947783.8,1727781.9,1220001.9
292638957,India,Cereal,Offline,L,02/02/2016,Europe,03/01/2016,9559,39.81,31.63,380543.79,302351.17,78192.62
663065628,Brazil,Clothes,Offline,C,03/20/2014,Sub-Saharan Africa,04/01/2014,847,279.79,247.31,236982.13,209471.57,27510.56
891334686,Japan,Fruits,Offline,M,02/08/2015,Europe,03/08/2015,8052,342.3,295.19,2756199.6,2376869.88,379329.72
950065100,Norway,Fruits,Offline,H,12/24/2014,Sub-Saharan Africa,01/14/2015,1507,252.97,160.85,381225.79,242400.95,138824.84
485950889,India,Electronics,Offline,C,10/24/2015,Asia,11/16/2015,3894,379.44,220.22,1477539.36,857536.68,620002.68
278134603,Mexico,Cosmetics,Offline,M,02/24/2015,Europe,03/07/2015,7878,345.86,222.34,2724685.08,1751594.52,973090.56
380080938,Norway,Office Supplies,Online,H,07/11/2016,Australia and Oceania,08/09/2016,2647,401.2,352.13,1061976.4,932088.11,129888.29
945217864,Brazil,Clothes,Offline,M,06/18/2015,Sub-Saharan Africa,07/17/2015,8543,240.11,179.24,2051259.73,1531247.32,520012.41
185034616,Germany,Cosmetics,Offline,H,09/12/2015,Sub-Saharan Africa,09/16/2015,5389,380.9,263.69,2052670.1,1421025.41,631644.69
430107481,Canada,Vegetables,Online,C,06/09/2015,Middle East and North Africa,06/18/2015,3733,195.59,101.93,730137.47,380504.69,349632.78
917370619,Norway,Cosmetics,Online,H,03/26/2016,North America,04/15/2016,2507,425.06,348.78,1065625.42,874391.46,191233.96
307405867,Kenya,Office Supplies,Offline,C,08/24/2015,Australia and Oceania,09/01/2015,3745,114.75,96.2,429738.75,360269.0,69469.75
278054339,Norway,Cereal,Online,C,04/28/2015,Australia and Oceania,05/18/2015,1215,303.91,170.99,369250.65,207752.85,161497.8
352285808,Brazil,Vegetables,Online,C,11/27/2014,Middle East and North Africa,12/25/2014,6369,21.93,18.64,139672.17,118718.16,20954.01
223616288,Germany,Cosmetics,Online,H,08/08/2014,Asia,08/10/2014,284,219.67,120.31,62386.28,34168.04,28218.24
166593414,Qatar,Clothes,Offline,L,09/17/2015,Asia,10/09/2015,2370,444.53,398.24,1053536.1,943828.8,109707.3
511661741,Kenya,Vegetables,Offline,C,01/14/2015,Asia,02/11/2015,2238,204.2,183.51,456999.6,410695.38,46304.22
358213932,India,Fruits,Online,C,03/29/2014,Central America and the Caribbean,04/28/2014,8662,295.4,184.25,2558754.8,1595973.5,962781.3
321044540,Thailand,Vegetables,Offline,C,05/02/2016,Sub-Saharan Africa,05/30/2016,4165,380.28,274.66,1583866.2,1143958.9,439907.3
523364994,Brazil,Fruits,Online,C,09/18/2016,Central America and the Caribbean,09/25/2016,7874,397.79,243.92,3132198.46,1920626.08,1211572.38
568462855,Qatar,Meat,Online,L,07/15/2014,Asia,07/22/2014,4988,362.1,210.2,1806154.8,1048477.6,757677.2
832901636,Brazil,Vegetables,Online,C,08/07/2016,Central America and the Caribbean,09/05/2016,3157,158.15,87.64,499279.55,276679.48,222600.07
328397460,Thailand,Office Supplies,Online,M,06/18/2014,Sub-Saharan Africa,06/21/2014,6342,48.6,39.55,308221.2,250826.1,57395.1
780319262,Qatar,Clothes,Offline,C,07/01/2016,Sub-Saharan Africa,07/23/2016,6072,49.22,40.69,298863.84,247069.68,51794.16
877727662,Thailand,Cosmetics,Online,H,01/26/2015,Asia,02/11/2015,5408,467.55,280.35,2528510.4,1516132.8,1012377.6
562385132,Brazil,Office Supplies,Online,H,01/26/2016,Asia,02/19/2016,828,293.25,204.26,242811.0,169127.28,73683.72
110922493,Kenya,Office Supplies,Offline,C,01/19/2014,Europe,01/21/2014,4341,205.83,153.58,893508.03,666690.78,226817.25
178497324,Brazil,Snacks,Offline,H,10/14/2015,Europe,10/20/2015,4868,71.76,61.52,349327.68,299479.36,49848.32
584994372,Norway,Meat,Online,L,02/14/2016,Asia,03/08/2016,144,461.28,407.94,66424.32,58743.36,7680.96
943635618,Japan,Cosmetics,Offline,L,08/17/2016,Middle East and North Africa,08/22/2016,2798,260.63,153.09,729242.74,428345.82,300896.92
914639322,Mexico,Cereal,Offline,M,05/23/2016,Middle East and North Africa,05/26/2016,2182,385.09,264.21,840266.38,576506.22,263760.16
220650869,Qatar,Beverages,Offline,M,05/08/2016,Australia and Oceania,05/11/2016,8188,271.19,155.91,2220503.72,1276591.08,943912.64
763096387,Canada,Meat,Offline,H,01/01/2015,Central America and the Caribbean,01/16/2015,7073,260.46,152.5,1842233.58,1078632.5,763601.08
802038596,Canada,Cosmetics,Online,C,10/26/2016,Asia,11/11/2016,8840,81.02,55.05,716216.8,486642.0,229574.8
501763557,Kenya,Snacks,Offline,M,02/13/2014,North America,02/22/2014,3406,44.39,25.39,151192.34,86478.34,64714.0
341406568,Kenya,Office Supplies,Online,M,07/04/2014,North America,07/11/2014,5289,353.62,234.35,1870296.18,1239477.15,630819.03
302981135,Canada,Fruits,Online,C,02/08/2015,Asia,03/04/2015,7169,322.33,234.78,2310783.77,1683137.82,627645.95
737318234,Germany,Cosmetics,Offline,L,09/03/2015,Sub-Saharan Africa,09/08/2015,845,210.58,150.85,177940.1,127468.25,50471.85
214497580,India,Beverages,Online,H,04/17/2016,Sub-Saharan Africa,05/03/2016,7374,123.83,67.17,913122.42,495311.58,417810.84
925371291,Norway,Beverages,Online,M,05/29/2015,Sub-Saharan Africa,06/16/2015,841,7.36,4.59,6189.76,3860.19,2329.57
149824972,Canada,Beverages,Offline,M,06/29/2014,Sub-Saharan Africa,07/27/2014,8877,111.68,78.8,991383.36,699507.6,291875.76
874672776,Norway,Meat,Offline,C,07/27/2015,Central America and the Caribbean,08/22/2015,3513,23.39,18.83,82169.07,66149.79,16019.28
819333968,Qatar,Meat,Offline,M,12/23/2016,Sub-Saharan Africa,01/20/2017,5071,147.46,130.03,747769.66,659382.13,88387.53
216862496,Germany,Fruits,Offline,L,09/29/2016,Asia,10/25/2016,2631,26.61,14.24,70010.91,37465.44,32545.47
951362646,India,Vegetables,Offline,M,06/26/2014,Australia and Oceania,07/05/2014,7551,78.65,62.0,593886.15,468162.0,125724.15
673679112,Mexico,Meat,Online,L,02/28/2016,Central America and the Caribbean,03/21/2016,8725,180.84,154.65,1577829.0,1349321.25,228507.75
544903194,Thailand,Vegetables,Offline,L,08/27/2015,Sub-Saharan Africa,09/14/2015,1355,50.09,29.92,67871.95,40541.6,27330.35
758462981,India,Cereal,Online,C,06/06/2014,Europe,06/25/2014,1218,48.09,40.88,58573.62,49791.84,8781.78
996536868,Qatar,Cereal,Online,M,06/05/2015,North America,06/16/2015,1836,150.56,121.19,276428.16,222504.84,53923.32
634062589,Brazil,Snacks,Online,M,01/09/2014,Europe,01/23/2014,8016,326.14,165.85,2614338.24,1329453.6,1284884.64
777040920,Canada,Cereal,Online,L,10/22/2016,Central America and the Caribbean,11/15/2016,168,442.92,314.68,74410.56,52866.24,21544.32
473435607,Kenya,Fruits,Online,C,04/28/2016,Asia,05/27/2016,7855,463.73,385.35,3642599.15,3026924.25,615674.9
467377121,Norway,Cosmetics,Online,M,05/30/2015,Asia,06/25/2015,3030,169.52,142.06,513645.6,430441.8,83203.8
327681988,Kenya,Fruits,Online,L,01/18/2015,Europe,02/05/2015,679,265.64,145.37,180369.56,98706.23,81663.33
787142690,Canada,Snacks,Online,M,06/20/2015,Middle East and North Africa,06/27/2015,9084,173.16,114.25,1572985.44,1037847.0,535138.44
643812190,Germany,Fruits,Online,H,06/23/2014,Middle East and North Africa,07/13/2014,8017,472.06,325.21,3784505.02,2607208.57,1177296.45
377482167,Thailand,Clothes,Offline,C,01/18/2014,Asia,02/09/2014,102,281.3,167.12,28692.6,17046.24,11646.36
121395570,Thailand,Beverages,Offline,C,09/19/2015,North America,10/12/2015,3926,229.23,132.67,899956.98,520862.42,379094.56
762221989,Kenya,Snacks,Online,M,12/31/2015,Middle East and North Africa,01/28/2016,3802,249.83,190.66,949853.66,724889.32,224964.34
155359031,Kenya,Electronics,Offline,M,12/11/2016,Middle East and North Africa,01/01/2017,3970,184.23,106.41,731393.1,422447.7,308945.4
676662011,Brazil,Electronics,Online,C,03/01/2015,Middle East and North Africa,03/20/2015,9276,438.23,386.67,4065021.48,3586750.92,478270.56
256200321,Mexico,Meat,Online,L,01/12/2015,Asia,02/08/2015,4198,498.66,262.77,2093374.68,1103108.46,990266.22
960738725,Brazil,Snacks,Online,C,12/31/2016,North America,01/22/2017,4605,280.64,245.61,1292347.2,1131034.05,161313.15
212991585,Japan,Cereal,Online,C,07/02/2015,Europe,07/12/2015,2086,389.58,300.61,812663.88,627072.46,185591.42
960387650,Norway,Electronics,Online,L,10/01/2016,Asia,10/25/2016,826,449.01,383.52,370882.26,316787.52,54094.74
735448015,Mexico,Vegetables,Online,L,03/09/2014,Central America and the Caribbean,04/04/2014,4107,465.13,281.38,1910288.91,1155627.66,754661.25
849746027,Kenya,Cosmetics,Offline,L,07/29/2016,Europe,08/18/2016,2495,44.93,25.41,112100.35,63397.95,48702.4
234428161,Mexico,Cosmetics,Online,H,04/02/2015,Australia and Oceania,04/09/2015,3327,244.18,174.41,812386.86,580262.07,232124.79
580272568,Canada,Meat,Offline,H,12/25/2016,Middle East and North Africa,01/17/2017,5131,211.81,133.75,1086797.11,686271.25,400525.86
619125803,Canada,Clothes,Offline,C,06/02/2016,Central America and the Caribbean,06/06/2016,8599,241.88,149.37,2079926.12,1284432.63,795493.49
178216786,Japan,Cereal,Online,H,06/24/2014,Asia,07/05/2014,2001,452.7,395.68,905852.7,791755.68,114097.02
962620340,Brazil,Beverages,Online,M,11/14/2016,Middle East and North Africa,12/12/2016,1801,36.58,29.09,65880.58,52391.09,13489.49
168850897,Kenya,Electronics,Online,C,02/17/2014,Europe,02/20/2014,2871,343.28,287.44,985556.88,825240.24,160316.64
877789116,Germany,Snacks,Offline,C,01/22/2015,Central America and the Caribbean,02/04/2015,6982,471.49,308.28,3291943.18,2152410.96,1139532.22
348015867,Canada,Vegetables,Offline,H,09/17/2015,Europe,09/24/2015,1649,190.43,117.6,314019.07,193922.4,120096.67
580045049,Kenya,Office Supplies,Online,C,04/25/2015,Sub-Saharan Africa,05/14/2015,9735,358.95,234.34,3494378.25,2281299.9,1213078.35
859668413,India,Electronics,Online,M,07/12/2016,Sub-Saharan Africa,08/03/2016,9775,362.02,248.34,3538745.5,2427523.5,1111222.0
250049679,Germany,Meat,Online,H,05/10/2015,Central America and the Caribbean,05/16/2015,2217,148.06,104.27,328249.02,231166.59,97082.43
604419573,Thailand,Office Supplies,Online,H,07/11/2014,Europe,07/30/2014,1643,103.4,71.75,169886.2,117885.25,52000.95
677224936,Brazil,Office Supplies,Offline,H,11/13/2016,Middle East and North Africa,11/28/2016,8766,325.58,280.6,2854034.28,2459739.6,394294.68
705174672,Kenya,Cereal,Offline,L,10/14/2015,Sub-Saharan Africa,11/10/2015,765,179.79,157.14,137539.35,120212.1,17327.25
